{"portfolio":{"name":"portfolio","label":"Portfolios","singular_label":"Porfolio","description":"","public":"true","show_ui":"true","show_in_nav_menus":"true","show_in_rest":"false","rest_base":"","has_archive":"false","has_archive_string":"","exclude_from_search":"false","capability_type":"post","hierarchical":"false","rewrite":"true","rewrite_slug":"","rewrite_withfront":"true","query_var":"true","query_var_slug":"","menu_position":"","show_in_menu":"true","show_in_menu_string":"","menu_icon":"","supports":["title","editor","excerpt","custom-fields","revisions","thumbnail","author"],"taxonomies":["portfolio_cat"],"labels":{"menu_name":"","all_items":"","add_new":"","add_new_item":"","edit":"","edit_item":"","new_item":"","view":"","view_item":"","search_items":"","not_found":"","not_found_in_trash":"","parent":""},"custom_supports":""},"team":{"name":"team","label":"Teams","singular_label":"Team","description":"","public":"true","show_ui":"true","show_in_nav_menus":"true","show_in_rest":"false","rest_base":"","has_archive":"false","has_archive_string":"","exclude_from_search":"false","capability_type":"post","hierarchical":"false","rewrite":"true","rewrite_slug":"","rewrite_withfront":"true","query_var":"true","query_var_slug":"","menu_position":"","show_in_menu":"true","show_in_menu_string":"","menu_icon":"","supports":["title","editor","excerpt","thumbnail"],"taxonomies":["team_category"],"labels":{"menu_name":"","all_items":"","add_new":"","add_new_item":"","edit":"","edit_item":"","new_item":"","view":"","view_item":"","search_items":"","not_found":"","not_found_in_trash":"","parent":""},"custom_supports":""},"testimonial":{"name":"testimonial","label":"Testimonials","singular_label":"Testimonial","description":"","public":"true","show_ui":"true","show_in_nav_menus":"true","show_in_rest":"false","rest_base":"","has_archive":"false","has_archive_string":"","exclude_from_search":"false","capability_type":"post","hierarchical":"false","rewrite":"true","rewrite_slug":"","rewrite_withfront":"true","query_var":"true","query_var_slug":"","menu_position":"","show_in_menu":"true","show_in_menu_string":"","menu_icon":"","supports":["title","editor","excerpt","custom-fields","revisions","thumbnail","author"],"taxonomies":["testimonial_cat"],"labels":{"menu_name":"","all_items":"","add_new":"","add_new_item":"","edit":"","edit_item":"","new_item":"","view":"","view_item":"","search_items":"","not_found":"","not_found_in_trash":"","parent":""},"custom_supports":""},"package":{"name":"package","label":"Packages","singular_label":"Package","description":"","public":"true","show_ui":"true","show_in_nav_menus":"true","show_in_rest":"false","rest_base":"","has_archive":"false","has_archive_string":"","exclude_from_search":"false","capability_type":"post","hierarchical":"false","rewrite":"true","rewrite_slug":"","rewrite_withfront":"true","query_var":"true","query_var_slug":"","menu_position":"","show_in_menu":"true","show_in_menu_string":"","menu_icon":"","supports":["title","editor","thumbnail"],"taxonomies":[],"labels":{"menu_name":"","all_items":"","add_new":"","add_new_item":"","edit":"","edit_item":"","new_item":"","view":"","view_item":"","search_items":"","not_found":"","not_found_in_trash":"","parent":""},"custom_supports":""}}